{
    "$schema": "https://schema.management.azure.com/schemas/2015-01-01/deploymentParameters.json#",
    "contentVersion": "1.0.0.0",
    "parameters": {
        "apiVersion": {
            "value": "2016-04-30-preview"
        },
        "name": {
            "value": "Igloo-POC-Web-AS"
        },
        "faultDomains": {
            "value": 2
        },
        "updateDomains": {
            "value": 5
        },
        "location": {
            "value": "eastus2"
        },
        "sku": {
            "value": "Classic"
        }
    }
}